z [cm];W [rad];W' [rad/cm];MT,tot [kNcm];MT,primario [kNcm];MT,secondario [kNcm];Bimomento [kNcm^2]
0;6,505213034913027e-19;2,168404344971009e-19;1861,397561875924;2,7478019859472624e-13;1861,3975618759239;104381,39171993539
1;1,4640208191390135e-07;1,4596654610909282e-05;1861,3975618759237;18,496880722944244;1842,9006811529794;102529,27019396948
2;5,821326938726563e-07;2,893328408748886e-05;1861,397561875924;36,66425759566588;1824,7333042802582;100695,48052366727
3;1,3020170436571846e-06;4,301245176625487e-05;1861,3975618759239;54,50537887819817;1806,8921829977257;98879,69483419372
4;2,3009311446886994e-06;5,6836674950503036e-05;1861,3975618759243;72,02343449727745;1789,3741273786468;97081,58846975912
5;3,573800899879607e-06;7,040842536039263e-05;1861,397561875924;89,22155661668954;1772,1760052592347;95300,8399355721
6;5,115601194403052e-06;8,373012957488182e-05;1861,397561875924;106,10282019729024;1755,294741678634;93537,13084035719
7;6,9213549972228176e-06;9,680416946558981e-05;1861,397561875924;122,6702435467954;1738,7273183291288;91790,14583942793
8;8,986132471216612e-06;0,00010963288262266844;1861,3975618759239;138,92678885944545;1722,4707730164785;90059,57257830421
9;1,1305050091739433e-05;0,00012221856277275255;1861,397561875924;154,87536274563203;1706,5221991302922;88345,10163686464
10;1,3873269773468071e-05;0,00013456346018907162;1861,397561875924;170,51881675159154;1690,8787451243327;86646,42647402306
11;1,6685998005370626e-05;0,00014666978209378913;1861,397561875924;185,8599478692496;1675,5376140066744;84963,24337292048
12;1,9738484993640348e-05;0,0001585396930526479;1861,397561875924;200,90149903631539;1660,4960628396086;83295,25138662131
13;2,302602381245504e-05;0,00017017531536198246;1861,397561875924;215,64615962670416;1645,7514022492198;81642,15228430548
14;2,6543949562391356e-05;0,00018157872942818187;1861,397561875924;230,09656593139206;1631,3009959445321;80003,65049794555
15;3,0287638536362392e-05;0,00019275197413965665;1861,397561875924;244,2553016297729;1617,1422602461512;78379,4530694604
16;3,425250739291178e-05;0,0002036970472313849;1861,397561875924;258,12489825161094;1603,2726636243133;76769,26959833546
17;3,843401233673228e-05;0,00021441590564209964;1861,3975618759239;271,70783562966864;1589,6897262462553;75172,81218970001
18;4,2827648306249886e-05;0,00022491046586418386;1861,3975618759237;285,00654234309377;1576,39101953283;73589,7954028527
19;4,742894816813707e-05;0,0002351826042863289;1861,3975618759239;298,02339615163595;1563,3741657242879;72019,93620022596
20;5,223348191860447e-05;0,00024523415752902996;1861,3975618759246;310,76072442078674;1550,6368374551378;70462,95389677964
21;5,723685589133264e-05;0,0002550669227729637;1861,3975618759234;323,2208045378996;1538,176757338024;68918,5701098158
22;6,243471197190211e-05;0,0002646826580803203;1861,3975618759243;335,40586431938186;1525,9916975565425;67386,50870920473
23;6,78227268185764e-05;0,0002740830827091354;1861,397561875924;347,31808240901637;1514,0794794669077;65866,4957680141
24;7,339661108930664e-05;0,00028326987742069;1861,397561875924;358,95958866749834;1502,4379732084258;64358,25951353165
25;7,915210867481164e-05;0,0002922446847800225;1861,3975618759243;370,3324645532445;1491,0650973226798;62861,530278673315
26;8,508499593760151e-05;0,0003010091094496144;1861,3975618759246;381,4387434945514;1479,9588183813732;61376,04045376777
27;9,119108095680681e-05;0,00030956471847629736;1861,397561875924;392,280411253164;1469,1171506227602;59901,5244387087
28;9,746620277867931e-05;0,0003179130415714359;1861,3975618759239;402,8594062793236;1458,5381555966003;58437,71859546659
29;0,0001039062306726268;0,0003260555713844339;1861,3975618759239;413,17762005835465;1448,2199418175692;56984,36120095121
30;0,0001105070633926565;0,0003339937637696145;1861,397561875924;423,2368974488555;1438,1606644270687;55541,19240021634
31;0,00011726462844408514;0,0003417290380465215;1861,3975618759243;433,039037012552;1428,3585248633724;54107,95415999895
32;0,00012417488135539308;0,0003492627772536893;1861,397561875924;442,58579133587506;1418,811770540049;52684,39022258349
33;0,0001312338049550871;0,0003565963283959242;1861,397561875924;451,87886734331516;1409,518694532609;51270,24605998416
34;0,000138437408653445;0,0003637310026851448;1861,3975618759243;460,91992660261553;1400,4776352733088;49865,268828436216
35;0,00014578172772901376;0,00037066807577482044;1861,397561875924;469,71058562185243;1391,6869762540716;48469,20732318831
36;0,00015326282261972964;0,0003774087879880549;1861,3975618759239;478,25241613846316;1383,1451457374608;47081,81193358816
37;0,0001608767782185431;0,000383954344539351;1861,3975618759239;486,54694540026554;1374,8506164756584;45702,83459845304
38;0,00016861970317340758;0,00039030591575009714;1861,3975618759239;494,59565643852306;1366,8019054374008;44332,02876171732
39;0,0001764877291915224;0,000396464637257819;1861,3975618759237;502,39998833310824;1358,9975735428154;42969,14932834918
40;0,00018447701034769704;0,00040243161021922603;1861,397561875924;509,9613364698032;1351,436225406121;41613,95262052845
41;0,0001925837223967109;0,0004082079015070934;1861,397561875924;517,2810527897888;1344,1165090861355;40266,19633407807
42;0,0002008040620895559;0,000413794543901017;1861,3975618759246;524,3604460313687;1337,037115844556;38925,6394951408
43;0,0002091342464934276;0,0004191925362720674;1861,397561875924;531,2007819639638;1330,1967799119602;37592,04241709419
44;0,00021757051231535078;0,0004244028437613886;1861,3975618759239;537,8032836144316;1323,5942782614923;36265,1666576953
45;0,0002261091152293167;0,0004294263979527579;1861,3975618759246;544,1691314857347;1317,2284303901897;34944,77497644829
46;0,00023474632920681185;0,00043426409703915185;1861,397561875924;550,2994637680132;1311,0980981079108;33630,63129218645
47;0,00024347844585061824;0,00043891680598333815;1861,397561875924;556,1953765420861;1305,2021853338379;32322,500640862112
48;0,0002523017737317628;0,00044338535667253084;1861,3975618759239;561,857923975431;1299,5396379004928;31020,149133535488
49;0,00026121263772950747;0,0004476705480671245;1861,3975618759246;567,2881185106602;1294,1094433652643;29723,34391455667
50;0,000270207378374248;0,00045177314634354886;1411,3975618759248;572,4869310465451;838,9106308293797;28431,853119931497
51;0,00027928256283532034;0,0004557256315360043;1411,397561875925;577,4955202824246;833,9020415935003;27595,45924550912
52;0,0002884356192411001;0,0004595604568390253;1411,397561875925;582,3550109064129;829,042550969512;26763,999337503392
53;0,0002976642012852836;0,00046327830790524353;1411,3975618759246;587,0662717775245;824,3312900984001;25937,324733946938
54;0,0003069659761652728;0,0004668798494727288;1411,397561875925;591,630145251842;819,7674166240829;25115,287628467122
55;0,00031633862416507915;0,00047036572548384036;1411,397561875925;596,0474473331225;815,3501145428025;24297,741043858932
56;0,00032577983824056664;0,00047373655920036266;1411,3975618759246;600,3189678186995;811,0785940572251;23484,538805805896
57;0,0003352873236069609;0,00047699295331494215;1411,397561875925;604,4454704406947;806,9520914352302;22675,535516744705
58;0,0003448587973285501;0,0004801354900588455;1411,3975618759248;608,4276930025691;802,9698688733557;21870,586529868677
59;0,00035449198791050483;0,0004831647313060617;1411,397561875925;612,2663475110414;799,1312143648835;21069,547923265407
60;0,0003641846348927424;0,0004860812186737621;1411,3975618759248;615,9621203033913;795,4354415725335;20272,276474184055
61;0,0003739344884457658;0,00048888547361914;1411,3975618759248;619,5156721701742;791,8818897057506;19478,62963342769
62;0,0003837393089684015;0,0004915779975326452;1411,3975618759246;622,927638473368;788,4699234025567;18688,465499865964
63;0,00039359686668736827;0,000494159271827631;1411,3975618759248;626,198629259974;785,1989326159508;17901,642795063774
64;0,0004035049412586008;0,0004966297580264287;1411,397561875925;629,3292293710904;782,0683325048345;17118,02083802113
65;0,0004134613213702606;0,0004989898978428658;1411,397561875925;632,3199985464796;779,0775633294453;16337,459520019975
66;0,0004234638043473623;0,0005012401132612442;1411,397561875925;635,1714715246486;776,2260903512763;15559,819279573227
67;0,000433510195757943;0,0005033808066117877;1411,397561875925;637,8841581384573;773,5134037374676;14784,961077471688
68;0,00044359830902070515;0,0005054123606425788;1411,3975618759248;640,4585434062759;770,9390184696489;14012,746371924368
69;0,00045372596501406544;0,0005073351385879913;1411,3975618759248;642,8950876187025;768,5024742572223;13243,037093787752
70;0,0004638909916865345;0,0005091494842336355;1411,397561875925;645,194226420863;766,2033354550621;12475,695621879471
71;0,0004740912236683631;0,000510855721977827;1411,397561875925;647,3563708903024;764,0411909856225;11710,58475837221
72;0,0004843245018843812;0,0005124541568895864;1411,397561875925;649,3819076104838;762,0156542654411;10947,56770426319
73;0,0004945886731679641;0,000513945074763185;1411,3975618759248;651,2711987399081;760,1263631360167;10186,508034915063
74;0,0005048815898760529;0,0005153287421692446;1411,3975618759248;653,0245820768667;758,372979799058;9427,26967566366
75;0,0005152011095051659;0,000516605406502398;1411,397561875925;654,6423711198387;756,7551907560862;8669,716877488325
76;0,0005255450943083245;0,0005177752960255229;1411,3975618759248;656,1248551235426;755,2727067523822;7913,7141927405255
77;0,0005359114109128335;0,000518838619910555;1411,397561875925;657,4722991506553;753,9252627252697;7159,1264509262965
78;0,0005462979299388419;0,0005197955682758864;1411,3975618759246;658,6849441192032;752,7126177567214;6405,818734538258
79;0,0005567025256186164;0,000520646312220358;1411,397561875925;659,7630068456377;751,6345550302872;5653,656354932849
80;0,0005671230754164633;0,0005213910038538521;1411,397561875925;660,7066800836014;750,6908817923236;4902,504828248504
81;0,0005775574596492263;0,000522029776324488;1411,397561875925;661,5161325583913;749,8814293175336;4152,229851360453
82;0,0005880035611072953;0,0005225627438424298;1411,3975618759246;662,1915089971269;749,2060528787978;3402,6972778677687
83;0,0005984592646760564;0,0005229900017003053;1411,397561875925;662,732930154627;748,664631721298;2653,773094108551
84;0,0006089224569577182;0,000523311626290245;1411,3975618759248;663,1404928349984;748,2570690409264;1905,3233951987193
85;0,0006193910258934434;0,0005235276751175405;1411,3975618759248;663,4142699089473;747,9832919669775;1157,214361090336
86;0,0006298628603857203;0,0005236381868109257;1411,3975618759248;663,554310326805;747,8432515491198;409,312232645075
87;0,000640335849920907;0,0005236431811294842;1411,3975618759246;663,5606391272823;747,8369227486423;-338,5167122814081
88;0,0006508078841918794;0,0005235426589661819;1411,3975618759246;663,4332574419456;747,9643044339791;-1086,4061827485189
89;0,0006612768527207151;0,000523336602348026;1411,3975618759246;663,1721424954185;748,2254193805062;-1834,4898986374228
90;0,0006717406444813482;0,0005230249744328531;1411,397561875925;662,7772476013114;748,6203142746135;-2582,901614559628
91;0,0006821971475221263;0,00052260771950274;1411,397561875925;662,2485021538721;749,1490597220528;-3331,775143771852
92;0,0006926442485882004;0,0005220847629540431;1411,397561875925;661,5858116153634;749,8117502605616;-4081,2443821013258
93;0,0007030798327436827;0,0005214560112840585;1411,3975618759248;660,789057499159;750,6085043767658;-4831,443331885883
94;0,0007135017829935054;0,0005207213520743051;1411,3975618759248;659,8580973485593;751,5394645273655;-5582,506125933048
95;0,0007239079799049074;0,0005198806539704231;1411,3975618759248;658,7927647113202;752,6047971646046;-6334,567051502547
96;0,0007342963012284892;0,0005189337666586902;1411,3975618759248;657,5928691098921;753,8046927660326;-7087,760574316338
97;0,0007446646215187622;0,0005178805208391442;1411,397561875925;656,2581960073636;755,1393658685613;-7842,221362600563
98;0,0007550108117541263;0,0005167207281953144;1411,3975618759246;654,7885067691024;756,6090551068223;-8598,084311163813
99;0,0007653327389562101;0,00051545418136055;1411,3975618759248;653,1835386200889;758,2140232558359;-9355,484565515702
100;0,0007756282658084997;0,0005140806538809447;961,3975618759247;651,443004597933;309,9545572779916;-10114,55754603055
101;0,0007858954619163014;0,0005126316466795946;961,3975618759247;649,6068226723822;311,79073920354244;-10425,425562516155
102;0,0007961332383954704;0,0005111386471841001;961,3975618759247;647,7148937116916;313,68266816423306;-10738,157606671932
103;0,0008063407127438443;0,0005096013884516535;961,3975618759247;645,7668794459353;315,6306824299894;-11052,809593834889
104;0,0008165169970413516;0,0005080195956260586;961,3975618759246;643,7624315773414;317,63513029858314;-11369,437782620747
105;0,0008266611977912547;0,0005063929858885878;961,3975618759248;641,7011917180184;319,69637015790636;-11688,09878498281
106;0,000836772415760396;0,000504721268407414;961,3975618759246;639,582791325875;321,8147705500496;-12008,849576333945
107;0,0008468497458184179;0,0005030041442856128;961,3975618759248;637,4068516387285;323,99071023719625;-12331,747505733605
108;0,0008568922767759295;0,0005012413065077189;961,3975618759247;635,1729836065813;326,2245782693434;-12656,850306141592
109;0,0008668990912215888;0,0004994324398848342;961,3975618759248;632,880787822062;328,5167740538628;-12984,216104740543
110;0,0008768692653580734;0,0004975772209982728;961,3975618759247;630,5298544490113;330,8677074269134;-13313,90343332881
111;0,0008868018688369081;0,0004956753181417346;961,3975618759248;628,1197631492062;333,2777987267186;-13645,971238785765
112;0,0008966959645921231;0,0004937263912619981;961,3975618759248;625,650083007204;335,74747886872075;-13980,478893611267
113;0,0009065506086727092;0,0004917300918981192;961,3975618759248;623,1203724532967;338,2771894226281;-14317,486206541249
114;0,0009163648500738435;0,0004896860631191287;961,3975618759248;620,5301791845599;340,8673826913649;-14657,05343324131
115;0,0009261377305668525;0,00048759393946021354;961,3975618759248;617,8790400839827;343,5185217919422;-14999,241287080187
116;0,0009358682845278849;0,0004854533468573737;961,3975618759247;615,1664811376639;346,23108073826074;-15344,110949985095
117;0,0009455555387652617;0,0004832639025805403;961,3975618759248;612,3920173500607;349,0055445258641;-15691,724083380826
118;0,0009551985123454727;0,0004810252151651455;961,3975618759248;609,5551526572724;351,84240921865234;-16042,142839214584
119;0,0009647962164177891;0,00047873688434212937;961,3975618759248;606,6553798383463;354,7421820375784;-16395,429871068536
120;0,0009743476540374615;0,0004763985009663739;961,3975618759247;603,692180424589;357,7053814513357;-16751,64834536202
121;0,000983851819987469;0,00047400964694354914;961,3975618759248;600,6650246068655;360,7325372690593;-17110,861952645475
122;0,00099330770059879;0,0004715698951553593;961,3975618759248;597,5733711408714;363,82419073505343;-17473,134918988097
123;0,001002714273569163;0,0004690788093831757;961,3975618759247;594,4166672503602;366,9808946255645;-17838,532017461195
124;0,0010120705077803012;0,00046653594423004275;961,3975618759246;591,1943485283101;370,2032133476145;-18207,11857971939
125;0,0010213753631135342;0,000463940845041042;961,3975618759248;587,9058388360085;373,49172303991634;-18578,96050768168
126;0,0010306277902638367;0,0004612930478220021;961,3975618759247;584,550550200041;376,84701167588366;-18954,124285314443
127;0,0010398267305522175;0,00045859207915653817;961,3975618759248;581,1278827071652;380,2696791687595;-19332,676990518565
128;0,001048971115736432;0,0004558374561214066;961,3975618759247;577,6372243970465;383,7603374788782;-19714,686307122643
129;0,0010580598678199841;0,00045302868620016024;961,3975618759248;574,0779511528431;387,31961072308167;-20100,220536984707
130;0,001067091898859384;0,00045016526719508814;961,3975618759246;570,4494265896157;390,94813528630897;-20489,34861220424
131;0,0010760661107696288;0,00044724668713742464;961,3975618759247;566,7510019405445;394,6465599353802;-20882,140107447074
132;0,0010849813951278673;0,0004442724241958112;961,3975618759248;562,982015940932;398,41554593499274;-21278,665252385006
133;0,00109383663297522;0,00044124194658299475;961,3975618759246;559,1417947099709;402,2557671659537;-21678,99494425266
134;0,0011026306946167125;0,00043815471246074617;961,3975618759246;555,2296516302575;406,16791024566703;-22083,200760523625
135;0,00111136243941929;0,00043501016984298185;961,3975618759247;551,2448872250266;410,1526746508981;-22491,35497170823
136;0,0011200307156078767;0,00043180775649707005;961,3975618759248;547,1867890330872;414,21077284283757;-22903,530554275305
137;0,0011286343600594427;0,0004285468998433062;961,3975618759246;543,0546314814376;418,34293039448704;-23319,801203700015
138;0,001137172198095041;0,00042522701685253784;961,3975618759248;538,847675755536;422,54988612038875;-23740,241347640436
139;0,0011456430432697806;0,0004218475139419207;961,3975618759247;534,5651696672019;426,8323922087228;-24164,926159244857
140;0,0011540456971606938;0,0004184077868687888;961,3975618759248;530,2063475201292;431,1912143557956;-24593,93157059252
141;0,0011623789491524623;0,0004149072206226178;961,3975618759248;525,7704299729812;435,6271319029435;-25027,334286269983
142;0,0011706415762209646;0,00041134518931506327;961,3975618759246;521,2566239000481;440,1409379758765;-25465,211797085598
143;0,0011788323427146027;0,0004077210560680545;961,3975618759247;516,6641222494386;444,7334396264861;-25907,642393924627
144;0,0011869500001333727;0,0004040341728999228;961,3975618759247;511,99210389878215;449,40545797714253;-26354,70518174729
145;0,0011949932869056374;0,0004002838806095448;961,3975618759248;507,23973350841516;454,15782836750964;-26806,48009373252
146;0,0012029609281625625;0,0003964695086584797;961,3975618759246;502,40616137202545;458,9914005038992;-27263,047905569667
147;0,001210851635510174;0,00039259037505107977;961,3975618759247;497,49052326472827;463,9070386111964;-27724,490249900926
148;0,0012186641067989986;0,0003886457862125515;961,3975618759247;492,4919402885453;468,90562158737936;-28190,88963091691
149;0,0012263970258912442;0,00038463503686494754;961,3975618759248;487,4095187152615;473,9880431606632;-28662,32943910816
150;0,0012340490624254785;0,00038055740990106487;511,39756187592474;482,24234982662944;29,15521204929528;-29138,893966175
151;0,00124161908322087;0,0003764439227609777;511,3975618759246;477,029738922711;34,36782295321366;-29170,65501045491
152;0,0012491067870084582;0,0003723255864730926;511,3975618759247;471,81098317870294;39,586578697221725;-29207,63166034925
153;0,001256512069443408;0,0003682016646940582;511,3975618759246;466,5851495003106;44,81241237561404;-29249,830527146758
154;0,001263834811444251;0,0003640714200818584;511,3975618759246;461,3513035277309;50,04625834819372;-29297,25915584929
155;0,001271074879171592;0,00035993411416397733;511,39756187592474;456,1085094685921;55,28905240733261;-29349,926026520883
156;0,0012782321240041817;0,000355789007205364;511,3975618759247;450,85582993063724;60,54173194528743;-29407,840555803923
157;0,001285306382512342;0,00035163535807617;511,3975618759247;445,59232575412267;65,80523612180204;-29471,013098602813
158;0,0012922974764287458;0,0003474724241192383;511,3975618759247;440,3170558438988;71,08050603202585;-29539,45494993539
159;0,0012992052126165434;0,00034329946101731897;511,3975618759246;435,02907700114656;76,36848487477806;-29613,178346952456
160;0,0013060293830348306;0,0003391157226599877;511,39756187592457;429,7274437547364;81,67011812118821;-29692,19647112571
161;0,0013127697647014511;0,0003349204610102445;511,3975618759247;424,4112081921819;86,9863536837428;-29776,523450604545
162;0,0013194261196531297;0,00033071292597076696;511,3975618759246;419,0794197901559;92,31814208576874;-29866,174362742113
163;0,001325998194902923;0,00032649236524979585;511,3975618759246;413,7311252445413;97,66643663138332;-29961,165236791152
164;0,0013324857223949878;0,0003222580242266282;511,3975618759246;408,36536829998323;103,03219357594139;-30061,513056769847
165;0,0013388884189566538;0,00031800914581669364;511,3975618759247;402,9811895789142;108,41637229701045;-30167,235764498604
166;0,0013452059862477928;0,00031374497033619076;511,39756187592474;397,57762641002097;113,81993546590377;-30278,352262807966
167;0,0013514381107074766;0,00030946473536625814;511,3975618759246;392,1537126561223;119,24384921980233;-30394,882418918325
168;0,0013575844634979139;0,00030516767561665704;511,3975618759247;386,70847854142784;124,68908333449684;-30516,847067992145
169;0,0013636447004456544;0,0003008530227889399;511,3975618759246;381,24095047814467;130,15661139777995;-30644,26801685922
170;0,0013696184619800536;0,0002965200054390819;511,3975618759247;375,7501508924046;135,64741098352007;-30777,16804791563
171;0,0013755053730689804;0,0002921678488395491;511,3975618759246;370,23509804947656;141,16246382644806;-30915,570923197145
172;0,0013813050431517654;0,0002877957748407803;511,39756187592457;364,6948058782367;146,7027559976879;-31059,50138862782
173;0,0013870170660693678;0,0002834030017320567;511,3975618759247;359,1282837948623;152,26927808106237;-31208,985178444458
174;0,001392641019991757;0,00027898874410173507;511,39756187592457;353,53453652571864;157,86302535020593;-31364,049019797785
175;0,0013981764673424914;0,00027455221269681877;511,3975618759245;347,9125639294087;163,48499794651582;-31524,720637531183
176;0,0014036229547204793;0,00027009261428184245;511,3975618759247;342,2613608179508;169,13620105797392;-31691,028759137796
177;0,0014089800128189145;0,00026560915149704406;511,39756187592457;336,5799167770542;174,81764509887037;-31863,00311989687
178;0,0014142471563413648;0,00026110102271580067;511,3975618759246;330,8672159854626;180,530345890462;-32040,674468190344
179;0,0014194238839150034;0,0002565674219012996;511,3975618759246;325,1222370333269;186,27532484259774;-32224,07457100052
180;0,0014245096780009653;0,00025200753846242287;511,3975618759246;319,3439527395823;192,05360913634235;-32413,236219589908
181;0,001429504004801812;0,00024742055710881593;511,3975618759246;313,5313299682915;197,8662319076331;-32608,193235364168
182;0,001434406314166093;0,00024280565770511684;511,39756187592457;307,68332944392404;203,71423243200056;-32808,980475919256
183;0,0014392160394899782;0,0002381620151243195;511,39756187592457;301,79890556553767;209,59865631038693;-33015,63384127381
184;0,0014439325976159524;0,0002334887991002434;511,39756187592457;295,87700621982844;215,52055565609615;-33228,19028028802
185;0,0014485553887285487;0,00022878517407908547;511,3975618759247;289,9165725930171;221,48098928290753;-33446,68779726983
186;0,0014530837962471047;0,00022405029907002604;511,3975618759247;283,91653898153703;227,48102289438765;-33671,165458770054
187;0,0014575171867155178;0,00021928332749486263;511,39756187592457;277,87583260148995;233,52172927443465;-33901,663400567326
188;0,001461854909688988;0,00021448340703664526;511,39756187592457;271,79337339683684;239,60418847908775;-34138,22283484418
189;0,0014660962976177192;0,00020964967948728486;511,3975618759247;265,66807384628737;245,72948802963728;-34380,88605755569
190;0,001470240665727565;0,0002047812805941092;511,3975618759247;259,4988387688552;251,8987231070695;-34629,696455991805
191;0,0014742873118975919;0,00019987733990533746;511,3975618759247;253,28456512804362;258,112996747881;-34884,69851653482
192;0,0014782355165345444;0,00019493698061444679;511,3975618759246;247,02414183462696;264,37342004129766;-35145,93783261341
193;0,001482084542444184;0,00018995931940340248;511,3975618759246;240,7164495479916;270,681112327933;-35413,46111285458
194;0,0014858336346994805;0,000184943466284724;511,3975618759246;234,36036047600226;277,03720139992237;-35687,31618943492
195;0,0014894820205056348;0,00017988852444235842;511,3975618759246;227,9547381733566;283,44282370256803;-35967,55202663291
196;0,001493028909061906;0,0001747935900713331;511,39756187592457;221,4984373383933;289,8991245375313;-36254,21872958349
197;0,0014964734914202189;0,0001696577522161587;511,3975618759247;214,9903036083163;296,40725826760837;-36547,367553236705
198;0,001499814940340527;0,00016448009260795353;511,3975618759246;208,42917335279873;302,9683885231259;-36847,0509115219
199;0,0015030524101429055;0,00015925968550026075;511,39756187592457;201,8138734659304;309,5836884099942;-37153,32238671914
200;0,001506185036556346;0,000153995597503528;61,397561875924595;195,14322115647067;-133,74565928054608;-37466,23673903949
201;0,0015092121482063324;0,00014871863392296896;61,39756187592465;188,45625290718627;-127,05869103126162;-37335,83650677225
202;0,001512133901428681;0,0001434595977616903;61,39756187592464;181,79200228361395;-120,39444040768932;-37212,11178448019
203;0,0015149506453636119;0,0001382175487234073;61,39756187592464;175,14927774230173;-113,7517158663771;-37095,04045063889
204;0,0015176627103760726;0,00013299154954907026;61,39756187592462;168,52689158858183;-107,12932971265721;-36984,60157332531
205;0,0015202704081148048;0,00012778066584928595;61,39756187592461;161,92365976421516;-100,52609788829055;-36880,77540647517
206;0,0015227740315680654;0,0001225839659372523;61,397561875924595;155,33840163568613;-93,94083975976153;-36783,54338635248
207;0,0015251738551160143;0,00011740052066217628;61,39756187592464;148,76993978310978;-87,37237790718514;-36692,88812823037
208;0,0015274701345797696;0,00011222940324314497;61,39756187592461;142,2170997897133;-80,8195379137887;-36608,79342328275
209;0,0015296631072671493;0,00010706968910342081;61,397561875924595;135,67871003185485;-74,28114815593025;-36531,24423568632
210;0,0015317529920150998;0,00010192045570513048;61,39756187592462;129,15360146954134;-67,75603959361672;-36460,2266999321
211;0,0015337399892288244;9,678078238431866e-05;61,39756187592462;122,6406074374086;-61,24304556148398;-36395,72811834642
212;0,0015356242809176147;9,164975018633657e-05;61,397561875924616;116,1385634361257;-54,74100156020108;-36337,7369588206
213;0,0015374060307273923;8,652644170153642e-05;61,397561875924595;109,64630692418696;-48,248745048262364;-36286,242852749005
214;0,001539085383969969;8,140994090124185e-05;61,39756187592461;103,16267711005368;-41,76511523412907;-36241,236593175265
215;0,001540662467649028;7,629933297396543e-05;61,39756187592461;96,686514744609;-35,28895286868439;-36202,71013314602
216;0,0015421373904828308;7,119370416184363e-05;61,397561875924595;90,21666191388823;-28,81910003796364;-36170,656584272205
217;0,001543510242923657;6,609214159726046e-05;61,39756187592459;83,75196183204845;-22,354399956123864;-36145,07021549738
218;0,0015447810971739757;6,099373313962992e-05;61,39756187592464;77,29125863453903;-15,893696758614396;-36125,94645207311
219;0,0015459500071993552;5,589756721230874e-05;61,39756187592462;70,83339717143764;-9,435835295513016;-36113,28187474099
220;0,0015470170087381126;5,080273263960984e-05;61,39756187592458;64,37722280091359;-2,979660924989008;-36107,074219121256
221;0,0015479821193077029;4,570831848388741e-05;61,39756187592464;57,92158118278213;3,475980693142514;-36107,32237530795
222;0,0015488453382078507;4,061341388266461e-05;61,39756187592462;51,465318072112595;9,932243803812032;-36114,02638767048
223;0,001549606646520427;3,551710788577479e-05;61,39756187592458;45,00727911285381;16,390282763070775;-36127,18745486157
224;0,0015502660071060642;3,041848929248698e-05;61,39756187592463;38,5463096314395;22,85125224448513;-36146,80793003151
225;0,0015508233645975173;2,531664648858633e-05;61,397561875924566;32,0812544303366;29,316307445587963;-36172,89132124898
226;0,0015512786453897635;2,0210667283381265e-05;61,39756187592458;25,610957581500738;35,78660429442384;-36205,44229212819
227;0,0015516317576268427;1,5099638746606598e-05;61,39756187592462;19,13426221969988;42,26329965622474;-36244,466662662766
228;0,0015518825911854336;9,982647045195547e-06;61,39756187592464;12,650010335671798;48,747551540252836;-36289,97141026638
229;0,0015520310176551644;4,858777279889236e-06;61,39756187592462;6,15704256907564;55,24051930684898;-36341,964671020156
230;0,001552076890315653;-2,7288667834353425e-07;61,397561875924595;-0,3458019987969266;61,743363874721524;-36400,455741127545
231;0,0015520200441102735;-5,413262352106975e-06;61,397561875924545;-6,859686052589959;68,2572479285145;-36465,455078576306
232;0,0015518602956166461;-1,0563268821627942e-05;61,39756187592462;-13,385774250766929;74,78333612669155;-36536,97430500845
233;0,0015515974430138412;-1,5723826889084038e-05;61,397561875924566;-19,925233433847293;81,32279530977186;-36615,026207798095
234;0,001551231266046294;-2,089585924323978e-05;61,39756187592462;-26,479232833033446;87,87679470895807;-36699,624742337815
235;0,001550761525984424;-2,608029062441982e-05;61,39756187592459;-33,048944279264795;94,44650615518938;-36790,785034533816
236;0,0015501879655819518;-3,127804798984906e-05;61,397561875924616;-39,63554241273673;101,03310428866135;-36888,523383510386
237;0,0015495103090299024;-3,6490060679389456e-05;61,397561875924595;-46,24020489292232;107,63776676884692;-36992,857264524144
238;0,0015487282619072945;-4,171726058170221e-05;61,39756187592458;-52,864112609133045;114,26167448505763;-37103,805332088516
239;0,001547841511128496;-4,6960582300866235e-05;61,39756187592462;-59,50844989165769;120,90601176758231;-37221,38742330912
240;0,0015468497248872478;-5,2220963323482024e-05;61,39756187592458;-66,17440472351642;127,571966599441;-37345,62456143052
241;0,001545752552597337;-5,749934418629038e-05;61,39756187592462;-72,86316895286717;134,2607308287918;-37476,5389595952
242;0,001544549624829914;-6,279666864433762e-05;61,39756187592458;-79,57593850610463;140,97350038202921;-37614,15402481504
243;0,0015432405532474385;-6,81138838397146e-05;61,397561875924595;-86,31391360168632;147,71147547761092;-37758,49436215663
244;0,0015418249305342482;-7,345194047090299e-05;61,39756187592462;-93,07829896472828;154,4758608406529;-37909,58577914029
245;0,0015403023303237305;-7,881179296275641e-05;61,39756187592454;-99,87030404240494;161,26786591832948;-38067,45529035461
246;0,0015386723071220917;-8,419439963714789e-05;61,39756187592458;-106,69114322019381;168,0887050961184;-38232,13112228636
247;0,0015369343962287018;-8,960072288431446e-05;61,39756187592455;-113,54203603900329;174,93959791492784;-38403,64271836748
248;0,00153508811365301;-9,503172933492907e-05;61,397561875924566;-120,42420741322212;181,8217692891467;-38582,02074423922
249;0,001533132956028008;-0,00010048839003293038;61,39756187592461;-127,33888784972937;188,73644972565398;-38767,29709323529
250;0,0015310684005202298;-0,00010597168060914216;-388,60243812407555;-134,28731366790495;-254,3151244561706;-38959,50489208405
251;0,0015288941163783742;-0,00011145083495096386;-388,60243812407543;-141,2304980498614;-247,37194007421405;-38708,66509718795
252;0,0015266105998080481;-0,00011689508620625201;-388,6024381240755;-148,12945324056255;-240,47298488351294;-38464,74626895973
253;0,001524218539126606;-0,00012230540778706742;-388,60243812407555;-154,98541274777185;-233,61702537630367;-38227,70479561184
254;0,0015217186032441153;-0,00012768276703897043;-388,60243812407555;-161,7996023917833;-226,8028357322922;-37997,49829500237
255;0,001519111441782955;-0,00013302812541397818;-388,60243812407555;-168,57324052459316;-220,0291975994824;-37774,0856070574
256;0,0015163976851939659;-0,00013834243864246915;-388,60243812407543;-175,30753824773691;-213,29489987633855;-37557,42678641167
257;0,0015135779448691732;-0,000143626656904064;-388,60243812407543;-182,00369962882988;-206,59873849524558;-37347,48309526647
258;0,0015106528132510996;-0,00014888172499751418;-388,60243812407555;-188,66292191685;-199,93951620722552;-37144,21699646354
259;0,001507622863938694;-0,00015410858250962845;-388,60243812407555;-195,28639575620116;-193,31604236787436;-36947,59214677348
260;0,0015044886517898873;-0,0001593081639832677;-388,6024381240755;-201,87530539959684;-186,72713272447865;-36757,573390397796
261;0,0015012507130207995;-0,00016448139908443757;-388,60243812407543;-208,43082891979927;-180,17160920427617;-36574,12675268312
262;0,0014979095653016136;-0,00016962921276850954;-388,60243812407555;-214,9541384202553;-173,64829970382024;-36397,21943404667
263;0,0014944657078491321;-0,00017475252544559916;-388,60243812407555;-221,44640024466327;-167,15603787941228;-36226,819804111816
264;0,0014909196215160364;-0,0001798522531451324;-388,6024381240755;-227,90877518551176;-160,69366293856373;-36062,897396052686
265;0,0014872717688768596;-0,00018492930767962816;-388,60243812407555;-234,3424186916248;-154,26001943245072;-35905,42290114685
266;0,0014835225943106958;-0,00018998459680772686;-388,60243812407555;-240,74848107475148;-147,85395704932404;-35754,36816353492
267;0,0014796725240806506;-0,00019501902439649464;-388,60243812407555;-247,128107715238;-141,47433040883755;-35609,70617518651
268;0,0014757219664100576;-0,00020003349058303114;-388,6024381240755;-253,48243926681707;-135,11999885725842;-35471,4110710712
269;0,0014716713115554662;-0,00020502889193541095;-388,6024381240755;-259,81261186055275;-128,78982626352274;-35339,45812453403
270;0,001467520931876418;-0,00021000612161298644;-388,60243812407555;-266,11975730797644;-122,48268081609908;-35213,82374287447
271;0,0014632711819020233;-0,00021496606952608167;-388,6024381240755;-272,4050033034507;-116,19743482062479;-35094,485463128025
272;0,0014589223983943506;-0,0002199096224951048;-388,60243812407555;-278,6694736257968;-109,93296449827874;-34981,42194805011
273;0,0014544749004086364;-0,00022483766440910833;-388,6024381240755;-284,9142883392221;-103,68814978485341;-34874,612982300874
274;0,0014499289893503335;-0,00022975107638382544;-388,6024381240755;-291,1405639935836;-97,46187413049189;-34774,03946883087
275;0,0014452849490289993;-0,00023465073691921002;-388,60243812407555;-297,3494138240229;-91,25302430005262;-34679,68342546653
276;0,0014405430457090406;-0,00023953752205650914;-388,60243812407555;-303,5419479500084;-85,06049017406714;-34591,52798169503
277;0,0014357035281573215;-0,0002444123055348965;-388,60243812407555;-309,71927357382083;-78,88316455025475;-34509,55737564789
278;0,00143076662768764;-0,000249275958947693;-388,6024381240755;-315,88249517851654;-72,71994294555894;-34433,756951282834
279;0,001425732558202088;-0,0002541293518982051;-388,60243812407543;-322,03271472540547;-66,56972339866998;-34364,113155763334
280;0,0014206015162292953;-0,00025897335215520643;-388,6024381240755;-328,17103185107754;-60,43140627299797;-34300,6135370354
281;0,0014153736809595684;-0,0002638088258080914;-388,6024381240756;-334,2985440640134;-54,30389406006218;-34243,24674160122
282;0,0014100492142769287;-0,00026863663742172916;-388,60243812407543;-340,4163469408152;-48,186091183260245;-34192,00251248919
283;0,001404628260788058;-0,0002734576501910446;-388,6024381240755;-346,52553432209174;-42,07690380198377;-34146,871687419974
284;0,001399110947848151;-0,0002782727260953542;-388,6024381240755;-352,6271985080328;-35,97523961604272;-34107,846197168394
285;0,0013934973855836898;-0,00028308272605248467;-388,6024381240755;-358,72243045370857;-29,880007670366943;-34074,919064120586
286;0,0013877876669121305;-0,0002878885100727024;-388,6024381240755;-364,81231996412856;-23,790118159946953;-34048,084401026514
287;0,001381981867558518;-0,0002926909374124797;-388,6024381240755;-370,89795588909425;-17,70448223498125;-34027,337409947315
288;0,0013760800460690262;-0,0002974908667281265;-388,60243812407555;-376,98042631788195;-11,62201180619359;-34012,674381397446
289;0,001370082243821424;-0,0003022891562293157;-388,60243812407555;-383,06081877378887;-5,541619350286686;-34004,09269368143
290;0,0013639884850324756;-0,00030708666383252696;-388,6024381240755;-389,14022040857816;0,5377822845026404;-34001,59081242514
291;0,0013577987767622681;-0,00031188424731443977;-388,6024381240755;-395,2197181968581;6,617280072782571;-34005,168290301415
292;0,0013515131089154755;-0,0003166827644653004;-388,60243812407555;-401,30039913042873;12,69796100635318;-34014,8257669501
293;0,0013451314542395532;-0,00032148307324229164;-388,6024381240756;-407,383350412632;18,780912288556397;-34030,564969092484
294;0,0013386537683198647;-0,00032628603192293225;-388,6024381240754;-413,4696596527397;24,867221528664338;-34052,38871083985
295;0,0013320799895717422;-0,0003310924992585344;-388,60243812407555;-419,5604150604148;30,957976936339264;-34080,30089419683
296;0,001325410039229473;-0,0003359033346277446;-388,60243812407555;-425,65670564027795;37,05426751620241;-34114,30650975893
297;0,0013186438213322184;-0,00034071939819019746;-388,6024381240755;-431,7596213866182;43,15718326254274;-34154,41163760491
298;0,001311781222706856;-0,0003455415510403097;-388,6024381240755;-437,8702534782805;49,26781535420502;-34200,6234483838
299;0,0013048221129477434;-0,00035037065536124007;-388,6024381240756;-443,98969447376345;55,38725634968783;-34252,950204597095
300;0,0012977663443934037;-0,0003552075745790444;-838,6024381240752;-450,11903850656506;-388,4833996175102;-34311,401262075946
301;0,0012906139637422283;-0,0003600214270123059;-838,6024381240752;-456,219152309994;-382,38328581408126;-33925,97366201036
302;0,0012833658469947025;-0,0003647813268553513;-838,6024381240752;-462,25089739110115;-376,35154073297406;-33546,6119010095
303;0,0012760230646761553;-0,00036948812516073113;-838,6024381240754;-468,2153522036785;-370,3870859203969;-33173,24815058858
304;0,0012685866703860602;-0,00037414266348663645;-838,6024381240752;-474,1135831702657;-364,48885495380955;-32805,815654684935
305;0,0012610577009864146;-0,0003787457740473669;-838,6024381240753;-479,9466448728233;-358,655793251252;-32444,24871772241
306;0,0012534371767871282;-0,00038329827986212703;-838,6024381240753;-485,7155802412874;-352,8868578827879;-32088,482692865127
307;0,0012457261017284494;-0,0003878009949021793;-838,6024381240752;-491,4214207400416;-347,1810173840337;-31738,453970458937
308;0,001237925463560467;-0,0003922547242363793;-838,6024381240752;-497,0651865523398;-341,5372515717354;-31394,09996665822
309;0,0012300362340197158;-0,00039666026417511875;-838,6024381240753;-502,64788676271047;-335,95455136136485;-31055,359112236136
310;0,00122205936900292;-0,0004010184024127032;-838,6024381240752;-508,17051953737746;-330,4319185866978;-30722,170841576255
311;0,0012139958087379026;-0,00040532991816818857;-838,6024381240752;-513,6340723027286;-324,96836582134665;-30394,475581843675
312;0,001205846477951697;-0,00040959558232470306;-838,6024381240754;-519,0395219218638;-319,5629162022116;-30072,214742333585
313;0,0011976122860358827;-0,0004138161575672776;-838,6024381240752;-524,3878348692541;-314,2146032548211;-29755,330703995507
314;0,001189294127209182;-0,0004179923985192117;-838,6024381240754;-529,6799674035451;-308,92247072053027;-29443,766809131183
315;0,0011808928806773433;-0,00042212505187699703;-838,6024381240752;-534,9168657385306;-303,6855723855446;-29137,467351264404
316;0,0011724094107903394;-0,0004262148565438241;-838,6024381240754;-540,0994662123339;-298,50297191174144;-28836,377565180905
317;0,00116384456719691;-0,00043026254376169533;-838,6024381240754;-545,2286954548204;-293,3737426692551;-28540,443617136516
318;0,0011551991849964765;-0,00043426883724216847;-838,6024381240752;-550,3054705532759;-288,2969675707993;-28249,612595231916
319;0,0011464740848884532;-0,0004382344532957536;-838,6024381240752;-555,3306992163789;-283,2717389076963;-27963,832499952197
320;0,001137670073318987;-0,0004421601009599868;-838,6024381240753;-560,3052799364953;-278,29715818758007;-27683,05223486948
321;0,001128787942625147;-0,00044604648212620335;-838,6024381240753;-565,2301021503249;-273,3723359737504;-27407,22159750713
322;0,001119828471176589;-0,0004498942916650336;-838,6024381240752;-570,1060463979305;-268,49639172614474;-27136,291270363672
323;0,0011107924235147285;-0,00045370421755064273;-838,6024381240752;-574,9339844801744;-263,6684536439008;-26870,21281209508
324;0,0011016805504894356;-0,0004574769409837386;-838,6024381240752;-579,7147796145935;-258,88765850948175;-26608,93864885358
325;0,0010924935893932843;-0,0004612131365133676;-838,6024381240754;-584,4492865897395;-254,15315153433593;-26352,42206578165
326;0,001083232264093379;-0,0004649134721575215;-838,6024381240753;-589,1383519180113;-249,46408620606408;-26100,61719865955
327;0,001073897285160779;-0,0004685786095225768;-838,6024381240754;-593,7828139870094;-244,819624137066;-25853,479025705037
328;0,0010644893499975438;-0,0004722092039215874;-838,6024381240752;-598,3835032094356;-240,21893491463965;-25610,963359523525
329;0,0010550091429614296;-0,0004758059044914524;-838,6024381240753;-602,9412421715684;-235,66119595250686;-25373,02683920765
330;0,001045457335488247;-0,00047936935430897853;-838,6024381240753;-607,4568457803376;-231,14559234373772;-25139,62692258443
331;0,0010358345862119124;-0,00048290019050586117;-838,6024381240753;-611,9311214090272;-226,6713167150481;-24910,721878608918
332;0,0010261415410822094;-0,0004863990443826001;-838,6024381240752;-616,3648690416309;-222,2375690824444;-24686,27077990282
333;0,0010163788334802823;-0,0004898665415213744;-838,6024381240754;-620,7588814158858;-217,84355670818965;-24466,23349543685
334;0,0010065470843318815;-0,0004933033018978939;-838,6024381240753;-625,1139441650112;-213,4884939590642;-24250,570683355443
335;0,000996646902218384;-0,0004967099399922486;-838,6024381240754;-629,4308359581773;-209,17160216589804;-24039,24378394257
336;0,0009866788834856045;-0,0005000870648987751;-838,6024381240752;-633,7103286397278;-204,8921094843474;-23832,215012727396
337;0,00097664361235042;-0,0005034352804349616;-838,6024381240753;-637,9531873671833;-200,649250756892;-23629,447353728607
338;0,0009665416610052263;-0,0005067551852494065;-838,6024381240754;-642,160170748048;-196,44226737602736;-23430,90455283602
339;0,0009563735897202425;-0,0005100473729288562;-838,6024381240754;-646,3320309754466;-192,2704071486288;-23236,551111328517
340;0,0009461399469436872;-0,000513312432104335;-838,6024381240753;-650,4695139626133;-188,13292416146203;-23046,352279526982
341;0,0009358412693998373;-0,000516550946556391;-838,6024381240752;-654,5733594762586;-184,02907864781665;-22860,27405058124
342;0,0009254780821849932;-0,0005197634953194735;-838,6024381240754;-658,6443012688369;-179,95813685523856;-22678,283154389686
343;0,0009150508988613635;-0,0005229506527854622;-838,6024381240752;-662,6830672097376;-175,91937091433766;-22500,347051650788
344;0,0009045602215488889;-0,0005261129888063665;-838,6024381240753;-666,6903794154276;-171,91205870864766;-22326,43392804509
345;0,0008940065410150187;-0,0005292510687962129;-838,6024381240753;-670,666954378561;-167,9354837455144;-22156,51268854703
346;0,0008833903367624584;-0,000532365453832139;-838,6024381240752;-674,6135030960864;-163,98893502798873;-21990,552951865175
347;0,0008727120771149029;-0,0005354567007547119;-838,6024381240753;-678,5307311963709;-160,0717069277044;-21828,525045010236
348;0,0008619722193007712;-0,0005385253622674892;-838,6024381240752;-682,4193390653622;-156,1830990587129;-21670,399997989534
349;0,0008511712095349573;-0,0005415719870358408;-838,6024381240754;-686,2800219718175;-152,32241615225792;-21516,149538627433
350;0,0008403094830986106;-0,000544597119785049;-1288,6024381240754;-46,79178453193142;-1241,810653592144;-21365,746087510244
351;0,0008294022159427887;-0,0005461144583378489;-1288,6024381240754;-46,92215426038798;-1241,6802838636875;-20124,001269087574
352;0,0008184655102322505;-0,000547540976798537;-1288,6024381240757;-47,0447207265303;-1241,5577173975453;-18882,382918695977
353;0,0008075011822782372;-0,0005488766841319822;-1288,6024381240757;-47,15948470061991;-1241,4429534234557;-17640,883233462344
354;0,0007965110482183986;-0,0005501215887323465;-1288,6024381240752;-47,26644690388321;-1241,335991220192;-16399,494411259337
355;0,0007854969240282126;-0,0005512756984231617;-1288,6024381240757;-47,36560800851806;-1241,2368301155575;-15158,208650656296
356;0,0007744606255323883;-0,0005523390204573587;-1288,6024381240757;-47,45696863769626;-1241,1454694863794;-13917,018150870279
357;0,0007634039684162866;-0,0005533115615173143;-1288,6024381240757;-47,54052936556764;-1241,061908758508;-12675,915111716979
358;0,0007523287682373201;-0,0005541933277148983;-1288,6024381240754;-47,616290717264064;-1240,9861474068114;-11434,891733561746
359;0,00074123684043637;-0,0005549843245915252;-1288,6024381240757;-47,684253168903844;-1240,918184955172;-10193,940217270545
360;0,0007301300003491979;-0,0005556845571181596;-1288,6024381240757;-47,74441714759227;-1240,8580209764834;-8953,052764160966
361;0,0007190100632178459;-0,0005562940296953717;-1288,6024381240757;-47,79678303142634;-1240,8056550926494;-7712,221575953176
362;0,0007078788442020515;-0,0005568127461533512;-1288,6024381240754;-47,84135114949593;-1240,7610869745795;-6471,438854720952
363;0,0006967381583906493;-0,0005572407097519435;-1288,6024381240757;-47,87812178188698;-1240,7243163421888;-5230,696802842667
364;0,0006855898208129796;-0,0005575779231806535;-1288,6024381240757;-47,907095159681745;-1240,6953429643938;-3989,987622952258
365;0,0006744356464502997;-0,0005578243885586785;-1288,6024381240754;-47,928271464961654;-1240,6741666591138;-2749,303517890253
366;0,0006632774502471836;-0,0005579801074349217;-1288,6024381240752;-47,94165083080847;-1240,6607872932668;-1508,6366906547637
367;0,0006521170471229304;-0,000558045080787984;-1288,6024381240757;-47,94723334130359;-1240,655204782772;-267,97934435247515
368;0,0006409562519829716;-0,0005580193090261882;-1288,6024381240757;-47,945019031530094;-1240,6574190925455;972,6763178503251
369;0,000629796879730268;-0,0005579027919875666;-1288,6024381240754;-47,93500788757172;-1240,6674302365036;2213,3380927767944
370;0,0006186407452767346;-0,0005576955289398854;-1288,6024381240757;-47,91719984651495;-1240,6852382775608;3454,0137772884896
371;0,0006074896635546237;-0,000557397518580605;-1288,602438124076;-47,89159479644558;-1240,7108433276303;4694,711168334372
372;0,000596345449527946;-0,0005570087590369005;-1288,6024381240757;-47,85819257645049;-1240,7442455476253;5935,438062999842
373;0,000585209918203872;-0,0005565292478656413;-1288,602438124076;-47,81699297661589;-1240,78544514746;7176,2022585557
374;0,0005740848846441339;-0,0005559589820533575;-1288,6024381240757;-47,76799573802448;-1240,8344423860513;8417,011552507136
375;0,0005629721639764419;-0,0005552979580162598;-1288,6024381240754;-47,71120055275705;-1240,8912375713185;9657,873742642805
376;0,0005518735714058849;-0,0005545461716001832;-1288,6024381240757;-47,64660706388774;-1240,9558310601878;10898,796627083771
377;0,000540790922226332;-0,0005537036180805668;-1288,6024381240752;-47,5742148654823;-1241,028223258593;12139,78800433248
378;0,0005297260318318578;-0,0005527702921624411;-1288,6024381240754;-47,49402350259694;-1241,1084146214785;13380,855673321903
379;0,0005186807157281361;-0,0005517461879803766;-1288,6024381240754;-47,40603247127396;-1241,1964056528016;14622,007433464383
380;0,0005076567895438483;-0,0005506312990984502;-1288,6024381240754;-47,31024121853884;-1241,2921969055367;15863,251084700763
381;0,0004966560690421104;-0,0005494256185102162;-1288,6024381240754;-47,20664914239777;-1241,3957889816777;17104,59442754938
382;0,00048568037013186835;-0,0005481291386386523;-1288,6024381240754;-47,095255591833;-1241,5071825322425;18346,04526315505
383;0,0004747315088793119;-0,0005467418513361091;-1288,6024381240761;-46,976059866798494;-1241,6263782572776;19587,61139333815
384;0,0004638113015192919;-0,0005452637478842622;-1288,6024381240761;-46,8490612182158;-1241,7533769058603;20829,300620643575
385;0,00045292156446673573;-0,0005436948189940661;-1288,6024381240754;-46,71425884797016;-1241,8881792761053;22071,120748389865
386;0,000442064114328059;-0,000542035054805684;-1288,6024381240754;-46,57165190890437;-1242,030786215171;23313,07958071818
387;0,00043124076791257494;-0,0005402844448884354;-1288,6024381240757;-46,421239504814366;-1242,1811986192613;24555,18492264134
388;0,0004204533422439297;-0,0005384429782407194;-1288,6024381240757;-46,26302069044261;-1242,3394174336331;25797,44458009292
389;0,0004097036545715072;-0,0005365106432899461;-1288,6024381240757;-46,09699447147217;-1242,5054436526034;27039,86635997627
390;0,00039899352238184985;-0,0005344874278924907;-1288,6024381240757;-45,923159804522804;-1242,6792783195529;28282,458070213575
391;0,0003883247634100884;-0,0005323733193335727;-1288,602438124076;-45,74151559714056;-1242,8609225269354;29525,22751979496
392;0,00037769919565136187;-0,0005301683043272085;-1288,6024381240754;-45,55206070779375;-1243,0503774162817;30768,182518827547
393;0,00036711863737223967;-0,0005278723690161236;-1288,6024381240754;-45,35479394586534;-1243,24764417821;32011,33087858451
394;0,00035658490712214743;-0,0005254854989716548;-1288,6024381240757;-45,14971407164458;-1243,452724052431;33254,68041155419
395;0,0003460998237448014;-0,0005230076791936621;-1288,6024381240757;-44,93681979631944;-1243,6656183277562;34498,238931489184
396;0,00033566520638964124;-0,0005204388941104435;-1288,6024381240754;-44,71610978196931;-1243,886328342106;35742,0142534555
397;0,00032528287452324774;-0,0005177791275786346;-1288,6024381240754;-44,48758264155628;-1244,1148554825193;36986,01419388154
398;0,00031495464794079487;-0,0005150283628830941;-1288,602438124076;-44,25123693891545;-1244,3512011851603;38230,246570607385
399;0,00030468234677746755;-0,0005121865827368097;-1288,6024381240757;-44,00707118874669;-1244,595366935329;39474,71920293383
400;0,0002944677915199271;-0,0005092537692807919;-1738,602438124075;-645,3263764326196;-1093,2760616914554;40719,43991167151
401;0,0002843406836478565;-0,0005034312226149365;-1738,602438124075;-637,9480452976476;-1100,6543928264275;41816,38879502119
402;0,00027433157792560115;-0,0004974533784828246;-1738,602438124075;-630,3729212134353;-1108,2295169106396;42920,81429458316
403;0,00026444359094421587;-0,0004913191680679555;-1738,602438124075;-622,5996497757133;-1116,0027883483617;44032,913877566665
404;0,0002546798609503398;-0,00048502749459611294;-1738,602438124075;-614,6268411521943;-1123,9755969718806;45152,886383278754
405;0,0002450435484073037;-0,0004785772331392669;-1738,602438124075;-606,453069834079;-1132,1493682899961;46280,932058676066
406;0,00023553783656020893;-0,00047196723041443927;-1738,602438124075;-598,0768743811774;-1140,5255637428975;47417,2525941682
407;0,00022616593200507968;-0,00046519630457750305;-1738,6024381240752;-589,4967571606119;-1149,1056809634633;48562,05115967931
408;0,0002169310652621915;-0,0004582632450118708;-1738,6024381240748;-580,7111840790426;-1157,8912540450322;49715,53244097398
409;0,00020783649135367512;-0,00045116681211204257;-1738,6024381240754;-571,7185843083804;-1166,883853815695;50877,90267625446
410;0,0001988854903855033;-0,00044390573706196775;-1738,602438124075;-562,5173500049256;-1176,0850881191493;52049,369693035165
411;0,00019008136813396145;-0,00043647872160818663;-1738,602438124075;-553,1058360218941;-1185,496602102181;53230,142945301544
412;0,00018142745663670795;-0,00042888443782770663;-1738,6024381240752;-543,4823596152698;-1195,1200785088054;54420,43355095965
413;0,00017292711478853097;-0,00042112152789057435;-1738,602438124075;-533,6452001429358;-1204,957237981139;55620,45432958322
414;0,00016458372894190553;-0,00041318860381710156;-1738,602438124075;-523,592598757031;-1215,009839367044;56830,41984046512
415;0,00015640071351246196;-0,00040508424722969884;-1738,602438124075;-513,3227580894744;-1225,2796800346005;58050,546420979634
416;0,00014838151158946914;-0,00039680700909927493;-1738,602438124075;-502,8338419306012;-1235,7685961934737;59281,05222526288
417;0,00014052959555144786;-0,00038835540948615587;-1738,602438124075;-492,1239749008567;-1246,4784632232183;60522,15726321794
418;0,0001328484676870187;-0,00037972793727547756;-1738,602438124075;-481,1912421154851;-1257,4111960085897;61774,08343985178
419;0,00012534166082109837;-0,00037092304990700236;-1738,6024381240748;-470,0336888421534;-1268,5687492819213;63037,05459495115
420;0,00011801273894655517;-0,0003619391730993178;-1738,602438124075;-458,64932015145547;-1279,9531179726196;64311,29654310416
421;0,00011086529786143883;-0,00035277470056835846;-1738,602438124075;-447,0361005602239;-1291,566337563851;65597,03711407525
422;0,00010390296581189493;-0,00034342799374020936;-1738,602438124075;-435,19195366759334;-1303,4104844564818;66894,50619354023
423;9,712940414088319e-05;-0,0003338973814581343;-1738,6024381240748;-423,1147617837477;-1315,487676340327;68203,93576418901
424;9,054830794281006e-05;-0,0003241811596837805;-1738,602438124075;-410,80236555128664;-1327,8000725727884;69525,55994720319
425;8,41634067242012e-05;-0,00031427759119250095;-1738,602438124075;-398,2525635591372;-1340,3498745649379;70859,61504411619
426;7,79784650705194e-05;-0,0003041849052627468;-1738,602438124075;-385,4631119489527;-1353,1393261751223;72206,33957906297
427;7,199728331926239e-05;-0,00029390129735946827;-1738,602438124075;-372,4317240139182;-1366,1707141101567;73565,97434142741
428;6,62236982394468e-05;-0,0002834249288114698;-1738,602438124075;-359,15606978989456;-1379,4463683341805;74938,76242889438
429;6,066158371760907e-05;-0,0002727539264826633;-1738,602438124075;-345,6337756388309;-1392,968662485244;76324,94929091482
430;5,5314851450442533e-05;-0,0002618863824371577;-1738,6024381240752;-331,86242382436626;-1406,740014299709;77724,78277259122
431;5,01874516441936e-05;-0,00025082035359812725;-1738,6024381240748;-317,8395520795468;-1420,762886044528;79138,51315899135
432;4,528337372094424e-05;-0,00023955386140039675;-1738,6024381240752;-303,5626531665828;-1435,0397849574924;80566,39321989834
433;4,0606647031906187e-05;-0,00022808489143668134;-1738,602438124075;-289,02917442856256;-1449,5732636955124;82008,67825500497
434;3,616134157785443e-05;-0,00021641139309741758;-1738,6024381240745;-274,2365173330476;-1464,365920791027;83465,62613956034
435;3,195156873682712e-05;-0,00020453127920412248;-1738,602438124075;-259,18203700746403;-1479,420401116611;84937,4973704769
436;2,798148199922645e-05;-0,00019244242563621304;-1738,602438124075;-243,86304176620916;-1494,7393963578659;86424,55511290662
437;2,4255277710446427e-05;-0,00018014267095122155;-1738,6024381240745;-228,27679262938796;-1510,3256454946866;87927,06524729356
438;2,077719582116341e-05;-0,00016762981599833886;-1738,6024381240748;-212,42050283309501;-1526,1819352909797;89445,2964169127
439;1,755152064542568e-05;-0,00015490162352521175;-1738,6024381240748;-196,29133733114836;-1542,3111007929265;90979,520075902
440;1,4582581626669804e-05;-0,0001419558177779333;-1738,602438124075;-179,88641228819705;-1558,7160258358779;92530,01053779773
441;1,1874754111813456e-05;-0,00012879008409414413;-1738,602438124075;-163,20279456409943;-1575,3996435599756;94097,04502458051
442;9,43246013354696e-06;-0,00011540206848918103;-1738,602438124075;-146,23750118949022;-1592,3649369345846;95680,9037162416
443;7,260169200979706e-06;-0,00010178937723519222;-1738,602438124075;-128,98749883243556;-1609,6149392916393;97281,86980087821
444;5,36239909876957e-06;-8,794957643314723e-05;-1738,6024381240748;-111,44970325608418;-1627,1527348679906;98900,22952532627
445;3,743716694888232e-06;-7,38801915776664e-05;-1738,602438124075;-93,62097876721886;-1644,981459356856;100536,2722463404
446;2,4087387571585504e-06;-5,9578707114586954e-05;-1738,6024381240748;-75,49813765560458;-1663,1043004684702;102190,29048232995
447;1,3621327787170898e-06;-4,504256599119133e-05;-1738,6024381240752;-57,077939624037654;-1681,5244985000375;103862,57996565997
448;6,086178125429644e-07;-3,0269169199015995e-05;-1738,6024381240745;-38,35709120899307;-1700,2453469150814;105553,43969552724
449;1,5296531520912282e-07;-1,5255875309158964e-05;-1738,6024381240752;-19,33224519176624;-1719,2701929323089;107263,17199142025
